40356759,38,http://stackoverflow.com/questions/40356759/cant-divide-long-int-objects
40362041,35,http://stackoverflow.com/questions/40362041/pandas-replace-with-string-and-integers-incorrect-behavior
40357434,30,http://stackoverflow.com/questions/40357434/pandas-df-iterrow-parallelization
40353555,27,http://stackoverflow.com/questions/40353555/backreference-in-pandas-str-replace
40351118,27,http://stackoverflow.com/questions/40351118/how-is-scipy-stats-entropy-calculated
40366058,25,http://stackoverflow.com/questions/40366058/df-append-not-adding-rows-to-dataframe-in-pandas
40366175,22,http://stackoverflow.com/questions/40366175/handle-incompatible-matrices-shapes-in-tf-idf
40353695,18,http://stackoverflow.com/questions/40353695/prediction-of-stock-prices-using-arima
40362764,15,http://stackoverflow.com/questions/40362764/get-bars-in-bar-graph-to-not-overlap
40352406,15,http://stackoverflow.com/questions/40352406/how-to-do-context-dependent-data-frame-merge-in-python-with-out-pandas
